{
  "cosine": {
    "threshold": 0.6500000000000004,
    "F1": 0.4676425269645609
  },
  "variants": {
    "gauss-origin": {
      "alpha": 10,
      "lmda": 1,
      "param": 0.1,
      "P": 0.3183481442760063,
      "R": 0.90625,
      "F1": 0.4711798839458413
    },
    "gauss-global": {
      "alpha": 0.1,
      "lmda": 0,
      "param": 0.05,
      "P": 0.30289641629847813,
      "R": 0.9181547619047619,
      "F1": 0.45551864156515315
    },
    "gauss-self": {
      "alpha": 0.1,
      "lmda": 1,
      "param": 0.1,
      "P": 0.3087184373511196,
      "R": 0.9642857142857143,
      "F1": 0.4677011909058102
    },
    "vmf-origin": {
      "alpha": 10,
      "lmda": 3,
      "param": 1.0,
      "P": 0.29141370338248046,
      "R": 1.0,
      "F1": 0.45130960376091334
    },
    "vmf-const": {
      "alpha": 10,
      "lmda": 0,
      "param": 0.5,
      "P": 0.2910350801212646,
      "R": 1.0,
      "F1": 0.4508554176450855
    }
  }
}