{
  "cosine_ref": {
    "threshold": 0.6500000000000004,
    "F1": 0.4676425269645609
  },
  "variants": {
    "centroid": {
      "P": 0.3111447302067574,
      "R": 0.9181547619047619,
      "F1": 0.46478342749529195,
      "alpha": 1.0,
      "lmda": 0.0,
      "sigma0_sq": 0.05,
      "new_baseline": 0.7,
      "beta_ema": null
    },
    "ema": {
      "P": 0.3129080863887494,
      "R": 0.9270833333333334,
      "F1": 0.46789335336087123,
      "alpha": 1.0,
      "lmda": 0.0,
      "sigma0_sq": 0.05,
      "new_baseline": 0.7,
      "beta_ema": 0.5
    },
    "last": {
      "P": 0.30824544582933844,
      "R": 0.9568452380952381,
      "F1": 0.46627991298042054,
      "alpha": 1.0,
      "lmda": 0.0,
      "sigma0_sq": 0.05,
      "new_baseline": 0.7,
      "beta_ema": null
    },
    "max_c_l": {
      "P": 0.3111225012813942,
      "R": 0.9032738095238095,
      "F1": 0.4628288219595883,
      "alpha": 1.0,
      "lmda": 0.0,
      "sigma0_sq": 0.05,
      "new_baseline": 0.7,
      "beta_ema": null
    }
  }
}