{
  "all_boundary_F1": 0.4508554176450855,
  "windows": [
    {
      "K": 0,
      "avg_chars": 40.05648369132856,
      "encode_ms_per_turn": 23.138041532617326,
      "cosine": {
        "threshold": 0.7500000000000004,
        "P": 0.30485527544351076,
        "R": 0.9717261904761905,
        "F1": 0.4641080312722104
      },
      "hi_em_freqshift": {
        "alpha": 10.0,
        "lmda": 1.0,
        "sigma0_sq": 0.1,
        "P": 0.3155497722836695,
        "R": 0.7217261904761905,
        "F1": 0.43911272068809415
      },
      "hi_em_persistence": {
        "alpha": 1.0,
        "lmda": 10.0,
        "sigma0_sq": 0.01,
        "P": 0.3185378590078329,
        "R": 0.3630952380952381,
        "F1": 0.33936022253129344
      }
    },
    {
      "K": 1,
      "avg_chars": 144.2024661893397,
      "encode_ms_per_turn": 79.32576169848853,
      "cosine": {
        "threshold": 0.8750000000000004,
        "P": 0.29967274427302476,
        "R": 0.9538690476190477,
        "F1": 0.45606545713269303
      },
      "hi_em_freqshift": {
        "alpha": 10.0,
        "lmda": 1.0,
        "sigma0_sq": 0.1,
        "P": 0.30013106159895153,
        "R": 0.34077380952380953,
        "F1": 0.3191637630662021
      },
      "hi_em_persistence": {
        "alpha": 1.0,
        "lmda": 10.0,
        "sigma0_sq": 0.01,
        "P": 0.3132867132867133,
        "R": 0.3333333333333333,
        "F1": 0.32299927901946646
      }
    },
    {
      "K": 2,
      "avg_chars": 238.6909307875895,
      "encode_ms_per_turn": 111.35988212370724,
      "cosine": {
        "threshold": 0.9250000000000005,
        "P": 0.3063063063063063,
        "R": 0.8601190476190477,
        "F1": 0.45173896053145757
      },
      "hi_em_freqshift": {
        "alpha": 10.0,
        "lmda": 1.0,
        "sigma0_sq": 0.1,
        "P": 0.3231707317073171,
        "R": 0.31547619047619047,
        "F1": 0.3192771084337349
      },
      "hi_em_persistence": {
        "alpha": 1.0,
        "lmda": 10.0,
        "sigma0_sq": 0.01,
        "P": 0.3096590909090909,
        "R": 0.3244047619047619,
        "F1": 0.3168604651162791
      }
    },
    {
      "K": 3,
      "avg_chars": 322.8914081145585,
      "encode_ms_per_turn": 156.45004068814595,
      "cosine": {
        "threshold": 0.9250000000000005,
        "P": 0.30995475113122173,
        "R": 0.6116071428571429,
        "F1": 0.4114114114114114
      },
      "hi_em_freqshift": {
        "alpha": 10.0,
        "lmda": 1.0,
        "sigma0_sq": 0.1,
        "P": 0.3333333333333333,
        "R": 0.25595238095238093,
        "F1": 0.2895622895622896
      },
      "hi_em_persistence": {
        "alpha": 1.0,
        "lmda": 10.0,
        "sigma0_sq": 0.01,
        "P": 0.33700787401574805,
        "R": 0.31845238095238093,
        "F1": 0.3274674827850038
      }
    },
    {
      "K": "all",
      "avg_chars": 672.2867939538584,
      "encode_ms_per_turn": 376.187272277248,
      "cosine": {
        "threshold": 0.9250000000000005,
        "P": 0.14937759336099585,
        "R": 0.05357142857142857,
        "F1": 0.07886089813800656
      },
      "hi_em_freqshift": {
        "alpha": 10.0,
        "lmda": 1.0,
        "sigma0_sq": 0.1,
        "P": 0.3770491803278688,
        "R": 0.03422619047619048,
        "F1": 0.06275579809004093
      },
      "hi_em_persistence": {
        "alpha": 1.0,
        "lmda": 10.0,
        "sigma0_sq": 0.01,
        "P": 0.40298507462686567,
        "R": 0.08035714285714286,
        "F1": 0.1339950372208437
      }
    }
  ]
}